company,year,Startdate,Enddate,WhetherResultsAreAuditedOrUnaudited,NatureOfReportStandaloneConsolidated,RevenueFromOperations,OtherIncome,Income,CostOfMaterialsConsumed,PurchasesOfStockInTrade,ChangesInInventoriesOfFinishedGoodsWorkInProgressAndStockInTrade,EmployeeBenefitExpense,FinanceCosts,DepreciationDepletionAndAmortisationExpense,OtherExpenses,Expenses,ProfitBeforeExceptionalItemsAndTax,ExceptionalItemsBeforeTax,ProfitBeforeTax,CurrentTax,DeferredTax,TaxExpense,NetMovementInRegulatoryDeferralAccountBalancesRelatedToProfitOrLossAndTheRelatedDeferredTaxMovement,ProfitLossForPeriodFromContinuingOperations,ProfitLossFromDiscontinuedOperationsBeforeTax,TaxExpenseOfDiscontinuedOperations,ProfitLossFromDiscontinuedOperationsAfterTax,ShareOfProfitLossOfAssociatesAndJointVenturesAccountedForUsingEquityMethod,ProfitLossForPeriod,OtherComprehensiveIncomeNetOfTaxes,ComprehensiveIncomeForThePeriod,ProfitOrLossAttributableToOwnersOfParent,ProfitOrLossAttributableToNonControllingInterests,ComprehensiveIncomeForThePeriodAttributableToOwnersOfParent,ComprehensiveIncomeForThePeriodAttributableToOwnersOfParentNonControllingInterests,PaidUpValueOfEquityShareCapital,FaceValueOfEquityShareCapital,ReserveExcludingRevaluationReserves,BasicEarningsLossPerShareFromContinuingOperations,DilutedEarningsLossPerShareFromContinuingOperations,BasicEarningsLossPerShareFromDiscontinuedOperations,DilutedEarningsLossPerShareFromDiscontinuedOperations,BasicEarningsLossPerShareFromContinuingAndDiscontinuedOperations,DilutedEarningsLossPerShareFromContinuingAndDiscontinuedOperations,DebtEquityRatio,DebtServiceCoverageRatio,InterestServiceCoverageRatio,SegmentRevenue,InterSegmentRevenue,SegmentRevenueFromOperations,SegmentProfitLossBeforeTaxAndFinanceCosts,SegmentFinanceCosts,OtherUnallocableExpenditureNetOffUnAllocableIncome,SegmentProfitBeforeTax,UnAllocableAssets,NetSegmentAssets,SegmentLiabilities,UnAllocableLiabilities,NetSegmentLiabilities,IsCompanyReportingMultisegmentOrSingleSegment,AdjustmentsForFinanceCosts,AdjustmentsForDecreaseIncreaseInInventories,AdjustmentsForDecreaseIncreaseInTradeReceivablesCurrent,AdjustmentsForDecreaseIncreaseInTradeReceivablesNoncurrent,AdjustmentsForDecreaseIncreaseInOtherCurrentAssets,AdjustmentsForDecreaseIncreaseInOtherNoncurrentAssets,AdjustmentsForOtherFinancialAssetsNoncurrent,AdjustmentsForOtherFinancialAssetsCurrent,AdjustmentsForOtherBankBalances,AdjustmentsForIncreaseDecreaseInTradePayablesCurrent,AdjustmentsForIncreaseDecreaseInTradePayablesNoncurrent,AdjustmentsForIncreaseDecreaseInOtherCurrentLiabilities,AdjustmentsForIncreaseDecreaseInOtherNoncurrentLiabilities,AdjustmentsForDepreciationAndAmortisationExpense,AdjustmentsForImpairmentLossReversalOfImpairmentLossRecognisedInProfitOrLoss,AdjustmentsForProvisionsCurrent,AdjustmentsForProvisionsNoncurrent,AdjustmentsForOtherFinancialLiabilitiesCurrent,AdjustmentsForOtherFinancialLiabilitiesNoncurrent,AdjustmentsForUnrealisedForeignExchangeLossesGains,AdjustmentsForDividendIncome,AdjustmentsForInterestIncome,AdjustmentsForSharebasedPayments,AdjustmentsForFairValueGainsLosses,AdjustmentsForUndistributedProfitsOfAssociates,OtherAdjustmentsForWhichCashEffectsAreInvestingOrFinancingCashFlow,OtherAdjustmentsToReconcileProfitLoss,OtherAdjustmentsForNoncashItems,ShareOfProfitAndLossFromPartnershipFirmOrAssociationOfPersonsOrLimitedLiabilityPartnerships,AdjustmentsForReconcileProfitLoss,CashFlowsFromUsedInOperations,DividendsReceivedClassifiedAsOperatingActivities,InterestPaidClassifiedAsOperatingActivities,InterestReceivedClassifiedAsOperatingActivities,IncomeTaxesPaidRefundClassifiedAsOperatingActivities,OtherInflowsOutflowsOfCashClassifiedAsOperatingActivities,CashFlowsFromUsedInOperatingActivities,CashFlowsFromLosingControlOfSubsidiariesOrOtherBusinessesClassifiedAsInvestingActivities,CashFlowsUsedInObtainingControlOfSubsidiariesOrOtherBusinessesClassifiedAsInvestingActivities,OtherCashReceiptsFromSalesOfEquityOrDebtInstrumentsOfOtherEntitiesClassifiedAsInvestingActivities,OtherCashPaymentsToAcquireEquityOrDebtInstrumentsOfOtherEntitiesClassifiedAsInvestingActivities,OtherCashReceiptsFromSalesOfInterestsInJointVenturesClassifiedAsInvestingActivities,OtherCashPaymentsToAcquireInterestsInJointVenturesClassifiedAsInvestingActivities,CashReceiptsFromShareOfProfitsOfPartnershipFirmOrAssociationOfPersonsOrLimitedLiabilityPartnerships,CashPaymentForInvestmentInPartnershipFirmOrAssociationOfPersonsOrLimitedLiabilityPartnerships,ProceedsFromSalesOfPropertyPlantAndEquipmentClassifiedAsInvestingActivities,PurchaseOfPropertyPlantAndEquipmentClassifiedAsInvestingActivities,ProceedsFromSalesOfInvestmentPropertyClassifiedAsInvestingActivities,PurchaseOfInvestmentPropertyClassifiedAsInvestingActivities,ProceedsFromSalesOfIntangibleAssetsUnderDevelopment,PurchaseOfIntangibleAssetsUnderDevelopment,ProceedsFromSalesOfGoodwillClassifiedAsInvestingActivities,PurchaseOfGoodwillClassifiedAsInvestingActivities,ProceedsFromSalesOfIntangibleAssetsClassifiedAsInvestingActivities,PurchaseOfIntangibleAssetsClassifiedAsInvestingActivities,ProceedsFromBiologicalAssetsOtherThanBearerPlantsClassifiedAsInvestingActivities,PurchaseOfBiologicalAssetsOtherThanBearerPlantsClassifiedAsInvestingActivities,ProceedsFromSalesOfOtherLongTermAssetsClassifiedAsInvestingActivities,PurchaseOfOtherLongTermAssetsClassifiedAsInvestingActivities,CashAdvancesAndLoansMadeToOtherPartiesClassifiedAsInvestingActivities,CashReceiptsFromRepaymentOfAdvancesAndLoansMadeToOtherPartiesClassifiedAsInvestingActivities,CashPaymentsForFutureContractsForwardContractsOptionContractsAndSwapContractsClassifiedAsInvestingActivities,CashReceiptsFromFutureContractsForwardContractsOptionContractsAndSwapContractsClassifiedAsInvestingActivities,DividendsReceivedClassifiedAsInvestingActivities,InterestReceivedClassifiedAsInvestingActivities,IncomeTaxesPaidRefundClassifiedAsInvestingActivities,OtherInflowsOutflowsOfCashClassifiedAsInvestingActivities,ProceedsFromGovernmentGrantsClassifiedAsInvestingActivities,CashFlowsFromUsedInInvestingActivities,ProceedsFromChangesInOwnershipInterestsInSubsidiaries,PaymentsFromChangesInOwnershipInterestsInSubsidiaries,ProceedsFromIssuingSharesClassifiedAsFinancingActivities,ProceedsFromIssuingOtherEquityInstruments,PaymentsToAcquireOrRedeemEntitysShares,PaymentsOfOtherEquityInstruments,ProceedsFromExerciseOfStockOptions,ProceedsFromIssuingDebenturesNotesBondsEtc,ProceedsFromBorrowingsClassifiedAsFinancingActivities,RepaymentsOfBorrowingsClassifiedAsFinancingActivities,PaymentsOfFinanceLeaseLiabilitiesClassifiedAsFinancingActivities,PaymentsOfLeaseLiabilitiesClassifiedAsFinancingActivities,DividendsPaidClassifiedAsFinancingActivities,InterestPaidClassifiedAsFinancingActivities,IncomeTaxesPaidRefundClassifiedAsFinancingActivities,OtherInflowsOutflowsOfCashClassifiedAsFinancingActivities,CashFlowsFromUsedInFinancingActivities,IncreaseDecreaseInCashAndCashEquivalentsBeforeEffectOfExchangeRateChanges,EffectOfExchangeRateChangesOnCashAndCashEquivalents,IncreaseDecreaseInCashAndCashEquivalents,CashAndCashEquivalentsCashFlowStatement,NonControllingInterest,PropertyPlantAndEquipment,CapitalWorkInProgress,InvestmentProperty,Goodwill,OtherIntangibleAssets,IntangibleAssetsUnderDevelopment,BiologicalAssetsOtherThanBearerPlants,InvestmentsAccountedForUsingEquityMethod,NoncurrentInvestments,TradeReceivablesNoncurrent,LoansNoncurrent,OtherNoncurrentFinancialAssets,NoncurrentFinancialAssets,DeferredTaxAssetsNet,OtherNoncurrentAssets,NoncurrentAssets,Inventories,CurrentInvestments,TradeReceivablesCurrent,CashAndCashEquivalents,BankBalanceOtherThanCashAndCashEquivalents,LoansCurrent,OtherCurrentFinancialAssets,CurrentFinancialAssets,CurrentTaxAssets,OtherCurrentAssets,CurrentAssets,NoncurrentAssetsClassifiedAsHeldForSale,RegulatoryDeferralAccountDebitBalancesAndRelatedDeferredTaxAssets,Assets,EquityShareCapital,OtherEquity,EquityAttributableToOwnersOfParent,Equity,BorrowingsNoncurrent,TradePayablesNoncurrent,OtherNoncurrentFinancialLiabilities,NoncurrentFinancialLiabilities,ProvisionsNoncurrent,DeferredTaxLiabilitiesNet,DeferredGovernmentGrantsNoncurrent,OtherNoncurrentLiabilities,NoncurrentLiabilities,BorrowingsCurrent,TradePayablesCurrent,OtherCurrentFinancialLiabilities,CurrentFinancialLiabilities,OtherCurrentLiabilities,ProvisionsCurrent,CurrentTaxLiabilities,DeferredGovernmentGrantsCurrent,CurrentLiabilities,LiabilitiesDirectlyAssociatedWithAssetsInDisposalGroupClassifiedAsHeldForSale,RegulatoryDeferralAccountCreditBalancesAndRelatedDeferredTaxLiability,Liabilities,EquityAndLiabilities,AmountOfItemThatWillNotBeReclassifiedToProfitAndLoss,IncomeTaxRelatingToItmesThatWillNotBeReclassifiedToProfitOrLoss,AmountOfItemThatWillBeReclassifiedToProfitAndLoss,IncomeTaxRelatingToItmesThatWillBeReclassifiedToProfitOrLoss
Persistent Systems Limited,2019,20180401,20190331,Audited,Consolidated,407615455.09999996,10615020.5,418230475.59999996,0.0,0.0,0.0,275381157.8,36935.5,19043096.099999998,64873633.3,359334822.7,58895652.9,0.0,58895652.9,17341641.099999998,-1034315.1,16307325.999999998,0.0,42588326.9,0.0,0.0,0.0,0.0,42588326.9,2847061.0,45435387.9,42588326.9,0.0,45435387.9,0.0,9581310.899999999,0.24219999999999997,247915798.89999998,0.5327189,0.5327189,0.0,0.0,0.5327189,0.5327189,0.0,0.00012109999999999999,0.00012109999999999999,407615455.09999996,0.0,407615455.09999996,154981600.2,36935.5,96049011.8,58895652.9,286195387.79999995,345813038.9,0.0,345813038.9,345813038.9,,,,,,,,,,,,,,,,,,,,,,,,,,,,,,,,,,,,,,,,,,,,,,,,,,,,,,,,,,,,,,,,,,,,,,,,,,,,,,,,,,,,,,,,,,,,,,,,,,,,,,,,,,,,,,,,,,,,,,,,,,,,,,,,,,,,,,,,,,,,,,,,,,,,,,,,
Persistent Systems Limited,2020,20190401,20200331,Audited,Consolidated,481384080.0,17870895.0,499254975.0,0.0,0.0,0.0,343917090.0,854820.0,22404870.0,71012025.0,438188805.0,61066170.0,0.0,61066170.0,18997875.0,-3870720.0,15127155.0,0.0,45939015.0,0.0,0.0,0.0,0.0,45939015.0,-1900800.0,44038215.0,45939015.0,0.0,44038215.0,0.0,10317375.0,0.135,311759550.0,0.59913,0.59913,0.0,0.0,0.59913,0.59913,0.0,,,481384080.0,0.0,481384080.0,174373020.0,854820.0,112452030.0,61066170.0,337496355.0,417442815.0,0.0,417442815.0,417442815.0,Multi segment,,,,,,,,,,,,,,,,,,,,,,,,,,,,,,,,,,,,,,,,,,,,,,,,,,,,,,,,,,,,,,,,,,,,,,,,,,,,,,,,,,,,,,,,,,,,,,,,,,,,,,,,,,,,,,,,,,,,,,,,,,,,,,,,,,,,,,,,,,,,,,,,,,,,,,,
Persistent Systems Limited,2021,20200401,20210331,Audited,Consolidated,565364880.0,14549220.0,579914100.0,0.0,0.0,0.0,414742545.0,782190.0,23699250.0,58415310.0,497639295.0,82274805.0,0.0,82274805.0,24091965.0,-2658555.0,21433410.0,0.0,60841395.0,0.0,0.0,0.0,0.0,60841395.0,5045220.0,65886615.0,60841395.0,0.0,65886615.0,0.0,10317375.0,0.135,311759550.0,0.796095,0.796095,0.0,0.0,0.796095,0.796095,0.0,,,565364880.0,0.0,565364880.0,205878375.0,782190.0,122821380.0,82274805.0,388442250.0,494845740.0,0.0,494845740.0,494845740.0,Multi segment,,,,,,,,,,,,,,,,,,,,,,,,,,,,,,,,,,,,,,,,,,,,,,,,,,,,,,,,,,,,,,,,,,,,,,,,,,,,,,,,,,,,,,,,,,,,,,,,,,,,,,,,,,,,,,,,,,,,,,,,,,,,,,,,,,,,,,,,,,,,,,,,,,,,,,,
Persistent Systems Limited,2022,20210401,20220331,Audited,Consolidated,725264742.0,18282285.0,743547027.0,0.0,0.0,0.0,540604456.0,1503045.0,21083524.0,62972569.0,626163594.0,117383433.0,0.0,117383433.0,30040834.0,-336423.0,29704411.0,0.0,87679022.0,0.0,0.0,0.0,0.0,87679022.0,-1810512.0,85868510.0,87679022.0,0.0,85868510.0,0.0,9705975.0,0.127,418057965.0,1.147318,1.147318,0.0,0.0,1.147318,1.147318,0.0,0.000762,0.0,725264742.0,0.0,725264742.0,273268059.0,1503045.0,154381581.0,117383433.0,527384899.0,687590319.0,0.0,687590319.0,687590319.0,Multi segment,1503045.0,0.0,-44558712.0,0.0,1863217.0,-1878203.0,0.0,-11039094.0,0.0,31619444.0,0.0,0.0,0.0,21083524.0,1884680.0,18751169.0,0.0,0.0,0.0,3552444.0,0.0,7622794.0,12067921.0,0.0,0.0,0.0,270637.0,-2335149.0,0.0,25162129.0,142545562.0,0.0,0.0,0.0,30062424.0,-5169916.0,107313222.0,0.0,77380465.0,0.0,0.0,0.0,0.0,0.0,0.0,584454.0,48945419.0,0.0,0.0,0.0,0.0,0.0,0.0,0.0,0.0,0.0,0.0,0.0,0.0,0.0,0.0,0.0,0.0,0.0,9127998.0,0.0,-6733540.0,0.0,-123346972.0,0.0,0.0,0.0,0.0,0.0,0.0,0.0,0.0,54368573.0,23368.0,0.0,4455541.0,25235535.0,1503426.0,0.0,0.0,23150703.0,7116953.0,-21590.0,7095363.0,37820473.0,,,,,,,,,,,,,,,,,,,,,,,,,,,,,,,,,,,,,,,,,,,,,,,,,,,,,,,,,,,,,
Persistent Systems Limited,2023,20220401,20230331,Audited,Consolidated,1011256691.1999999,8551718.7,1019808409.9,0.0,0.0,0.0,728073302.5999999,5732874.0,32926484.499999996,99217351.1,865950012.1999999,153858397.7,-3591220.5,150267177.2,37683534.699999996,1039280.2,38722814.9,0.0,111544362.3,0.0,0.0,0.0,0.0,111544362.3,8940207.5,120484569.8,111544362.3,0.0,8940207.5,0.0,9255067.5,0.12109999999999999,0.0,1.4983703,1.4594972,0.0,0.0,1.4983703,1.4594972,0.0,0.0008477000000000001,,1011256691.1999999,0.0,1011256691.1999999,366939176.09999996,5732874.0,219490843.6,141715458.5,553306384.4,801578459.5,0.0,801578459.5,801578459.5,Multi segment,5732874.0,0.0,-67268991.3,0.0,-14935989.6,5276932.5,-18669744.799999997,0.0,0.0,32549379.099999998,0.0,22161.3,0.0,32926484.499999996,0.0,10015817.7,0.0,0.0,0.0,2309134.8,0.0,6207949.3,16434965.399999999,-2379857.1999999997,0.0,0.0,0.0,0.0,0.0,-4194782.899999999,146072394.29999998,0.0,0.0,0.0,-41230190.4,-71559806.5,115742778.19999999,0.0,52201002.699999996,0.0,0.0,0.0,0.0,0.0,0.0,145077.8,52472508.9,0.0,0.0,0.0,0.0,0.0,0.0,0.0,0.0,0.0,0.0,0.0,0.0,0.0,0.0,0.0,0.0,0.0,6529227.6,0.0,46978565.199999996,0.0,-51020641.0,0.0,0.0,0.0,0.0,0.0,0.0,0.0,0.0,-464660.69999999995,22524.6,0.0,6602614.199999999,36094823.8,5733116.199999999,0.0,0.0,-48917739.5,15804397.7,127639.4,15932037.1,56555153.199999996,0.0,58853994.5,1954311.7999999998,0.0,86994728.1,137686219.29999998,0.0,0.0,0.0,54688760.0,1520289.4,0.0,11457997.6,67667047.0,13675701.899999999,8728645.799999999,375560648.4,0.0,22762682.599999998,190183190.39999998,56555153.199999996,52832054.8,0.0,58801437.099999994,381134518.09999996,5470208.1,39413084.9,426017811.09999996,0.0,0.0,801578459.5,9255067.5,470915878.29999995,480170945.79999995,480170945.79999995,24917414.9,0.0,54266363.199999996,79183778.1,4517393.3,0.0,0.0,579584.6,84280756.0,26975146.099999998,68894758.8,55961399.9,151831304.79999998,25431121.099999998,56302296.4,3562035.4,0.0,237126757.7,0.0,0.0,321407513.7,801578459.5,-149921.8,0.0,9090129.299999999,0.0
Persistent Systems Limited,2024,20230401,20240331,Audited,Consolidated,1181536916.1000001,15400806.000000002,1196937722.1000001,0.0,0.0,0.0,855361872.0,5621258.100000001,37217571.900000006,124590018.30000001,1022790720.3000001,174147001.8,0.0,174147001.8,45146665.2,-2546630.7,42600034.5,0.0,131546967.30000001,0.0,0.0,0.0,0.0,131546967.30000001,690882.9,132237850.2,131546967.30000001,0.0,690882.9,0.0,9266107.5,0.06015,0.0,0.8714532,0.8549721,0.0,0.0,0.8714532,0.8549721,0.0,0.00024060000000000002,0.0,1181536916.1000001,0.0,1181536916.1000001,384956872.20000005,5621258.100000001,205188612.3,174147001.8,598174065.9000001,887046245.4000001,0.0,887046245.4000001,887046245.4000001,Multi segment,5621258.100000001,0.0,-21781999.200000003,0.0,-17747016.900000002,-3082326.6,0.0,-21067176.6,0.0,52766948.400000006,0.0,0.0,0.0,37217571.900000006,247577.40000000002,-13770139.5,0.0,0.0,0.0,328058.10000000003,0.0,6766273.5,13133752.5,-3477993.3000000003,0.0,0.0,0.0,-7778718.300000001,0.0,13843522.5,187990524.3,0.0,0.0,0.0,41067292.2,0.0,146923232.10000002,0.0,24945889.200000003,0.0,0.0,0.0,0.0,0.0,0.0,585259.5,34155094.800000004,0.0,0.0,0.0,0.0,0.0,0.0,0.0,0.0,0.0,0.0,0.0,0.0,0.0,0.0,0.0,0.0,0.0,0.0,0.0,2038724.1,0.0,-56477000.400000006,0.0,0.0,19341834.0,0.0,0.0,0.0,0.0,0.0,0.0,26871651.6,0.0,9144965.4,49125948.6,5621739.300000001,0.0,4208454.9,-67214016.0,23232215.700000003,286795.2,23519010.900000002,79700554.5,0.0,53172960.900000006,4033177.8000000003,0.0,131278096.80000001,82792023.9,0.0,0.0,0.0,66635854.2,8784065.4,0.0,6319479.300000001,81739398.9,16356469.200000001,16998750.900000002,386370878.40000004,0.0,32800276.200000003,201636393.9,79700554.5,43352631.300000004,0.0,79660614.9,437150470.8,4656211.5,58868684.7,500675367.00000006,0.0,0.0,887046245.4000001,9266107.5,587146044.6,596412152.1,596412152.1,1192774.5,0.0,19345322.700000003,20538097.200000003,6579928.800000001,225682.80000000002,0.0,534613.2000000001,27878322.0,23747701.200000003,97907598.60000001,54715808.400000006,176371108.20000002,39732924.6,40067839.800000004,6583898.7,0.0,262755771.3,0.0,0.0,290634093.3,887046245.4000001,,0.0,690882.9,0.0
Tata Consultancy Services Limited,2019,20180401,20190331,Audited,Consolidated,17736669300.0,522062099.99999994,18258731400.0,274897000.0,0.0,0.0,9475590600.0,23977800.0,248981599.99999997,3202005100.0,13225452100.0,5033279300.0,0.0,5033279300.0,1150692200.0,60428899.99999999,1211121100.0,0.0,3822158199.9999995,0.0,0.0,0.0,0.0,3822158199.9999995,39236400.0,3861394599.9999995,3811259199.9999995,10899000.0,3849405699.9999995,11988900.0,45412500.0,0.01211,10763246900.0,1.0057355,1.0057355,0.0,0.0,1.0057355,1.0057355,,,,17736669300.0,0.0,17736669300.0,4779695900.0,23977800.0,-277561200.0,5033279300.0,9205900900.0,13919597300.0,665686700.0,2367141700.0,3032828400.0,,,,,,,,,,,,,,,,,,,,,,,,,,,,,,,,,,,,,,,,,,,,,,,,,,,,,,,,,,,,,,,,,,,,,,,,,,,,,,,,,,,,,,,,,,,,,,,,,,,,,,,,,,,,,,,,,,,,,,,,,,,,,,,,,,,,,,,,,,,,,,,,,,,,,,,,
Tata Consultancy Services Limited,2020,20190401,20200331,Audited,Consolidated,21188115000.0,619920000.0,21808035000.0,0.0,0.0,0.0,11603520000.0,124740000.0,476415000.0,3899880000.0,16104555000.0,5703480000.0,0.0,5703480000.0,1401030000.0,-77895000.0,1323135000.0,0.0,4380345000.0,0.0,0.0,0.0,0.0,4380345000.0,62640000.0,4442985000.0,4365900000.0,14445000.0,4423140000.0,19845000.0,50625000.0,0.0135,11390490000.0,1.163565,1.163565,0.0,0.0,1.163565,1.163565,,,,21188115000.0,0.0,21188115000.0,5684715000.0,124740000.0,-143505000.0,5703480000.0,0.0,0.0,0.0,0.0,0.0,Multi segment,,,,,,,,,,,,,,,,,,,,,,,,,,,,,,,,,,,,,,,,,,,,,,,,,,,,,,,,,,,,,,,,,,,,,,,,,,,,,,,,,,,,,,,,,,,,,,,,,,,,,,,,,,,,,,,,,,,,,,,,,,,,,,,,,,,,,,,,,,,,,,,,,,,,,,,
Tata Consultancy Services Limited,2021,20200401,20210331,Audited,Consolidated,22163895000.0,423090000.0,22586985000.0,0.0,0.0,0.0,12394890000.0,85995000.0,548775000.0,3485295000.0,16514955000.0,6072030000.0,-164430000.0,5907600000.0,1570725000.0,-58995000.0,1511730000.0,0.0,4395870000.0,0.0,0.0,0.0,0.0,4395870000.0,62235000.0,4458105000.0,4378050000.0,17820000.0,4443390000.0,14715000.0,49950000.0,0.0135,11709630000.0,1.170585,1.170585,0.0,0.0,1.170585,1.170585,,,,22163895000.0,,22163895000.0,6283710000.0,85995000.0,290115000.0,5907600000.0,,,0.0,,,Multi segment,,,,,,,,,,,,,,,,,,,,,,,,,,,,,,,,,,,,,,,,,,,,,,,,,,,,,,,,,,,,,,,,,,,,,,,,,,,,,,,,,,,,,,,,,,,,,,,,,,,,,,,,,,,,,,,,,,,,,,,,,,,,,,,,,,,,,,,,,,,,,,,,,,,,,,,
Tata Consultancy Services Limited,2022,20210401,20220331,Audited,Consolidated,24352758000.0,510286000.0,24863044000.0,0.0,0.0,0.0,13659358000.0,99568000.0,584708000.0,3955161000.0,18298795000.0,6564249000.0,0.0,6564249000.0,1734058000.0,-52832000.0,1681226000.0,0.0,4883023000.0,0.0,0.0,0.0,0.0,4883023000.0,-12065000.0,4870958000.0,4867529000.0,15494000.0,4859528000.0,11430000.0,46482000.0,0.0127,11363960000.0,1.315974,0.0,0.0,0.0,1.315974,0.0,,,,24352758000.0,0.0,24352758000.0,6738239000.0,99568000.0,74422000.0,6564249000.0,0.0,0.0,0.0,0.0,0.0,Multi segment,99568000.0,-1524000.0,-653288000.0,0.0,102489000.0,0.0,0.0,-14732000.0,0.0,23622000.0,0.0,45339000.0,0.0,584708000.0,0.0,0.0,0.0,146431000.0,0.0,-15240000.0,508000.0,338201000.0,0.0,0.0,0.0,-28067000.0,0.0,17399000.0,0.0,-32004000.0,6532245000.0,0.0,0.0,0.0,1458722000.0,0.0,5073523000.0,0.0,0.0,0.0,0.0,0.0,0.0,0.0,0.0,3937000.0,315341000.0,0.0,0.0,0.0,0.0,0.0,0.0,0.0,65024000.0,0.0,0.0,0.0,0.0,0.0,0.0,0.0,0.0,508000.0,342900000.0,0.0,-80899000.0,0.0,-113919000.0,0.0,0.0,0.0,0.0,2292223000.0,0.0,0.0,0.0,0.0,0.0,0.0,179959000.0,1698625000.0,88646000.0,0.0,-5334000.0,-4264787000.0,694817000.0,870966000.0,1565783000.0,1585976000.0,,,,,,,,,,,,,,,,,,,,,,,,,,,,,,,,,,,,,,,,,,,,,,,,,,,,,,,,,,,,,
Tata Consultancy Services Limited,2023,20220401,20230331,Audited,Consolidated,27302963800.0,417673900.0,27720637700.0,0.0,0.0,0.0,15442914199.999998,94336900.0,608164200.0,4683784700.0,20829200000.0,6891437700.0,0.0,6891437700.0,1787072700.0,-18528300.0,1768544400.0,0.0,5122893300.0,0.0,0.0,0.0,0.0,5122893300.0,59581199.99999999,5182474500.0,5104001700.0,18891600.0,5163704000.0,18770500.0,44322600.0,0.01211,11000724000.0,1.3949509,0.0,0.0,0.0,1.3949509,0.0,,,,27302963800.0,0.0,27302963800.0,7176264900.0,94336900.0,190490300.0,6891437700.0,0.0,0.0,0.0,0.0,0.0,Multi segment,94336900.0,-968799.9999999999,-930411300.0,0.0,-3027500.0,0.0,0.0,31607099.999999996,0.0,246559599.99999997,0.0,-26036500.0,0.0,608164200.0,0.0,0.0,0.0,171598700.0,0.0,-22887900.0,1816500.0,393332800.0,0.0,0.0,0.0,-30274999.999999996,0.0,17196200.0,0.0,-239293599.99999997,6652144100.0,0.0,0.0,0.0,1570182600.0,0.0,5081961500.0,0.0,0.0,0.0,0.0,0.0,0.0,0.0,0.0,4480700.0,306625200.0,0.0,0.0,0.0,0.0,0.0,0.0,0.0,68784800.0,0.0,0.0,0.0,0.0,0.0,0.0,0.0,0.0,1574300.0,372988000.0,0.0,1089900.0,0.0,4722900.0,0.0,0.0,0.0,0.0,507651199.99999994,0.0,0.0,0.0,0.0,0.0,0.0,183466500.0,5014751000.0,94336900.0,0.0,2179800.0,-5798025800.0,-711341400.0,61639899.99999999,-649701500.0,862595300.0,94700200.0,1238853000.0,149437400.0,0.0,225003800.0,1020509699.9999999,0.0,0.0,0.0,32212599.999999996,42142800.0,20950300.0,260243899.99999997,355549600.0,400477700.0,652607900.0,4042439099.9999995,3390800.0,4468226700.0,6049429400.0,862595300.0,473379899.99999994,160457500.0,159730900.0,12173819700.0,968799.9999999999,1175517700.0,13353697000.0,0.0,0.0,17396136100.0,44322600.0,10906023800.0,10950346400.0,11045046600.0,0.0,0.0,793931600.0,793931600.0,0.0,95911200.0,0.0,186372900.0,1076215700.0,0.0,1273366500.0,1277968300.0,2551334800.0,1550080000.0,41779500.0,1131679500.0,0.0,5274873800.0,0.0,0.0,6351089500.0,17396136100.0,42142800.0,9082500.0,-2058699.9999999998,-28579600.0
Tata Consultancy Services Limited,2024,20230401,20240331,Audited,Consolidated,28979427900.0,531966600.00000006,29511394500.0,0.0,0.0,0.0,16857759300.000002,93593400.0,599695500.0,4386859800.0,21937908000.0,7573486500.000001,-115247400.0,7458239100.0,1908439200.0000002,4090200.0000000005,1912529400.0000002,0.0,5545709700.0,0.0,0.0,0.0,0.0,5545709700.0,28511100.0,5574220800.0,5522732400.0,22977300.0,5558702100.0,15518700.000000002,43548600.0,0.01203,10942127100.0,1.5143364000000001,1.5143364000000001,0.0,0.0,1.5143364000000001,1.5143364000000001,,,,28979427900.0,,28979427900.0,7734808800.000001,93593400.0,182976300.0,7458239100.0,,,0.0,,,Multi segment,93593400.0,0.0,-400839600.0,0.0,-380148000.0,0.0,0.0,-36210300.0,0.0,-76029600.0,0.0,148931400.0,0.0,599695500.0,0.0,0.0,0.0,-83608500.0,0.0,-2045100.0000000002,4932300.0,454854300.0,0.0,0.0,0.0,-39217800.0,0.0,13714200.0,0.0,-621951000.0,6836288100.0,0.0,0.0,0.0,1502426700.0,0.0,5333861400.0,0.0,0.0,0.0,0.0,0.0,0.0,0.0,0.0,2045100.0000000002,264900600.00000003,0.0,0.0,0.0,0.0,0.0,0.0,842100.0,56781600.0,0.0,0.0,0.0,0.0,0.0,0.0,0.0,0.0,3127800.0,359697000.0,0.0,680898000.0,0.0,724927800.0,0.0,0.0,0.0,0.0,2526901500.0,0.0,0.0,0.0,0.0,0.0,0.0,194164200.0,3033725400.0,84089700.0,0.0,0.0,-5838880800.0,219908400.0,7819500.000000001,227727900.0,1084624800.0,99849000.0,1127932800.0,188149200.0,0.0,220389600.0,1010038800.0000001,0.0,0.0,0.0,33804300.0,17202900.0,240600.00000000003,393621600.0,444869400.0,409380900.0,625078800.0,4025839500.0000005,3368400.0,3787164300.0000005,6445313100.0,1084624800.0,513681000.00000006,59067300.00000001,204870900.0,12094721400.0,18165300.0,1475720100.0,13591975200.0,,,17617814700.0,43548600.0,10842278100.0,10885826700.0,10985675700.0,0.0,0.0,827784300.0,827784300.0,0.0,117533100.0,0.0,140510400.0,1085827800.0,0.0,1200714300.0,1187000100.0,2387714400.0,1766364900.0,16842000.0,1375389900.0,0.0,5546311200.0,,,6632139000.0,17617814700.0,-962400.0000000001,1323300.0,35488500.0,4691700.0
Wipro Limited,2019,20180401,20190331,Audited,Consolidated,7147188790.0,316531180.0,7463719970.0,0.0,170424030.0,-8150029.999999999,3630263140.0,89311250.0,235745370.0,1947845059.9999998,6065438820.0,1398281150.0,0.0,1398281150.0,286389390.0,19303340.0,305692730.0,0.0,1092588420.0,0.0,0.0,0.0,-520729.99999999994,1092067690.0,9688000.0,1101755690.0,1090348070.0,1719620.0,1098716080.0,3039610.0,146143480.0,0.02422,6686633380.0,0.1815289,0.18104449999999997,0.0,0.0,0.1815289,0.18104449999999997,,,,7186122440.0,0.0,7186122440.0,1209994870.0,-188286280.0,520729.99999999994,1397760420.0,,,0.0,,,,,,,,,,,,,,,,,,,,,,,,,,,,,,,,,,,,,,,,,,,,,,,,,,,,,,,,,,,,,,,,,,,,,,,,,,,,,,,,,,,,,,,,,,,,,,,,,,,,,,,,,,,,,,,,,,,,,,,,,,,,,,,,,,,,,,,,,,,,,,,,,,,,,,,,,,
Wipro Limited,2020,20190401,20200331,Audited,Consolidated,8253576000.0,367875000.0,8621451000.0,0.0,126360000.0,27297000.0,4408708500.0,98928000.0,281542500.0,2025000000.0,6967836000.0,1653615000.0,0.0,1653615000.0,328374000.0,6439500.0,334813500.0,0.0,1318801500.0,0.0,0.0,0.0,391500.0,1319193000.0,57469500.0,1376662500.0,1312510500.0,6682500.0,1367847000.0,8815500.0,154264500.0,0.027,7314165000.0,0.22504500000000002,0.22450499999999998,0.0,0.0,0.22504500000000002,0.22450499999999998,,,,8296357500.0,0.0,8296357500.0,1427449500.0,98928000.0,-325485000.0,1654006500.0,0.0,0.0,0.0,0.0,0.0,Multi segment,,,,,,,,,,,,,,,,,,,,,,,,,,,,,,,,,,,,,,,,,,,,,,,,,,,,,,,,,,,,,,,,,,,,,,,,,,,,,,,,,,,,,,,,,,,,,,,,,,,,,,,,,,,,,,,,,,,,,,,,,,,,,,,,,,,,,,,,,,,,,,,,,,,,,,,
Wipro Limited,2021,20200401,20210331,Audited,Consolidated,8362305000.0,321651000.0,8683956000.0,0.0,93919500.0,4252500.0,4487008500.0,68688000.0,373059000.0,1781892000.0,6808819500.0,1875136500.0,0.0,1875136500.0,351877500.0,57834000.0,409711500.0,0.0,1465425000.0,0.0,0.0,0.0,1755000.0,1467180000.0,92029500.0,1559209500.0,1457514000.0,9666000.0,1550259000.0,8950500.0,147933000.0,0.027,7263702000.0,0.25798499999999996,0.257445,0.0,0.0,0.25798499999999996,0.257445,,,,8401644000.0,0.0,8401644000.0,1661512500.0,68688000.0,-284067000.0,1876891500.0,0.0,0.0,0.0,0.0,0.0,Multi segment,,,,,,,,,,,,,,,,,,,,,,,,,,,,,,,,,,,,,,,,,,,,,,,,,,,,,,,,,,,,,,,,,,,,,,,,,,,,,,,,,,,,,,,,,,,,,,,,,,,,,,,,,,,,,,,,,,,,,,,,,,,,,,,,,,,,,,,,,,,,,,,,,,,,,,,
Wipro Limited,2022,20210401,20220331,Audited,Consolidated,10072624000.0,261772400.0,10334396400.0,0.0,85534500.0,-4686300.0,5715952500.0,67627500.0,390880600.0,2156929900.0,8412238700.0,1922157700.0,0.0,1922157700.0,411670500.0,-43700700.0,367969800.0,0.0,1554187900.0,0.0,0.0,0.0,723900.0,1554911800.0,145440400.0,1700352200.0,1553159200.0,1752600.0,1697977300.0,2374900.0,139242800.0,0.0254,8166938200.0,0.284099,0.28333699999999995,0.0,0.0,0.284099,0.28333699999999995,,,,10100170300.0,0.0,10100170300.0,1783321300.0,67627500.0,-207187800.0,1922881600.0,,,0.0,,,Multi segment,-119976900.0,-3251200.0,-150279100.0,0.0,-82931000.0,0.0,0.0,-398729200.0,0.0,123126500.0,0.0,0.0,0.0,390880600.0,0.0,0.0,0.0,0.0,48666400.0,-12966700.0,0.0,0.0,52197000.0,0.0,0.0,0.0,-35560000.0,0.0,0.0,-188823600.0,1733334100.0,0.0,0.0,0.0,326212200.0,0.0,1407121900.0,20980400.0,1649044200.0,12112434500.0,12896672200.0,0.0,0.0,0.0,0.0,9347200.0,255943100.0,0.0,0.0,0.0,0.0,0.0,0.0,0.0,0.0,0.0,0.0,0.0,0.0,0.0,0.0,0.0,0.0,25400.0,155892500.0,0.0,-348107000.0,0.0,-2851086500.0,0.0,0.0,76200.0,0.0,0.0,0.0,0.0,0.0,3303524000.0,2435987000.0,0.0,123571000.0,83845400.0,64630300.0,0.0,-3924300.0,591642200.0,-852322400.0,16281400.0,-836041000.0,1318679100.0,,,,,,,,,,,,,,,,,,,,,,,,,,,,,,,,,,,,,,,,,,,,,,,,,,,,,,,,,,,,,
Wipro Limited,2023,20220401,20230331,Audited,Consolidated,10958048360.0,274376270.0,11232424630.0,0.0,78642340.0,1816500.0,6510868840.0,122032469.99999999,404498220.0,2325749720.0,9443608090.0,1788816540.0,0.0,1788816540.0,389917780.0,21725340.0,411643120.0,0.0,1377173420.0,0.0,0.0,0.0,-690270.0,1376483150.0,130037179.99999999,1506520330.0,1374485000.0,1998149.9999999998,1503892460.0,2627870.0,132919359.99999999,0.02422,9272663330.0,0.2510403,0.25043479999999996,0.0,0.0,0.2510403,0.25043479999999996,,,,11012204280.0,,11012204280.0,1690628660.0,122032469.99999999,-219530080.0,1788126270.0,,,0.0,,,Multi segment,-98187880.0,1961819.9999999998,-11928350.0,0.0,12776050.0,0.0,0.0,18867380.0,0.0,-118968639.99999999,0.0,0.0,0.0,404498220.0,0.0,0.0,0.0,0.0,-78981420.0,1840720.0,0.0,0.0,48064590.0,0.0,0.0,0.0,-21240940.0,0.0,0.0,158701550.0,1947518089.9999998,0.0,0.0,0.0,365939980.0,0.0,1581578110.0,133210.0,551804260.0,8972117350.0,9768313520.0,0.0,0.0,0.0,0.0,6612060.0,179639740.0,0.0,0.0,0.0,0.0,0.0,0.0,0.0,0.0,0.0,0.0,0.0,0.0,0.0,0.0,0.0,0.0,36330.0,170896320.0,0.0,331935100.0,0.0,-1018027149.9999999,0.0,0.0,145320.0,0.0,0.0,0.0,0.0,0.0,1950121739.9999998,2045500099.9999998,0.0,117600210.0,397377540.0,105453880.0,0.0,-21604240.0,-737268910.0,-173717950.0,28737030.0,-144980920.0,1112436710.0,7132790.0,1223570180.0,74730810.0,0.0,3675203350.0,521274949.99999994,0.0,0.0,9445800.0,250919199.99999997,10450930.0,0.0,77007490.0,338377620.0,25431000.0,310984800.0,6179018510.0,14386680.0,3744799520.0,1530098500.0,1112666800.0,0.0,0.0,865320050.0,7252884870.0,61652009.99999999,676949000.0,8005872559.999999,0.0,0.0,14184891070.0,132919359.99999999,9272663330.0,9405582690.0,9412715480.0,742003920.0,0.0,227437910.0,969441829.9999999,35688170.0,183502830.0,0.0,341053930.0,1529686760.0,1075622310.0,723245530.0,543944870.0,2342812710.0,448215320.0,223235740.0,228225060.0,0.0,3242488830.0,0.0,0.0,4772175590.0,14184891070.0,7738289.999999999,-193760.0,108784130.0,-13321000.0
Wipro Limited,2024,20230401,20240331,Audited,Consolidated,10798164090.0,316485240.0,11114649330.0,0.0,46098960.0,3344340.0,6608091030.0,151000560.0,409874130.0,2122501020.0000002,9340910040.0,1773739290.0,0.0,1773739290.0,420725190.0,13425480.0,434150670.0,0.0,1339588620.0,0.0,0.0,0.0,-2802990.0,1336785630.0,84919770.0,1421705400.0,1328737560.0,8048070.000000001,1415642280.0,6063120.0,125713500.00000001,0.02406,8840606400.0,0.25130670000000005,0.25046460000000004,0.0,0.0,0.25130670000000005,0.25046460000000004,,,,10802254290.0,0.0,10802254290.0,1637270970.0,151000560.0,-284665890.0,1770936300.0,0.0,0.0,0.0,0.0,0.0,Multi segment,-136468320.0,3452610.0,101821920.0,0.0,106694070.0,0.0,0.0,71205570.0,0.0,-5233050.0,0.0,0.0,0.0,409874130.0,0.0,0.0,0.0,0.0,-60787590.00000001,7879650.000000001,0.0,0.0,67175520.0,0.0,0.0,-40565160.0,0.0,5870640.0,0.0,530919990.00000006,2304659280.0,0.0,0.0,0.0,184780800.0,0.0,2119878480.0000002,0.0,63650730.00000001,11772533940.0,11730080070.0,0.0,5822520.0,0.0,0.0,48384660.0,126435300.00000001,0.0,0.0,0.0,0.0,0.0,0.0,0.0,0.0,0.0,0.0,0.0,0.0,0.0,0.0,0.0,0.0,36090.0,241935330.00000003,0.0,3609000.0,0.0,140510400.0,0.0,0.0,156390.0,0.0,0.0,0.0,0.0,0.0,1449615000.0,1570600710.0,0.0,121021800.00000001,66646200.00000001,125785680.00000001,0.0,-1761998010.0,-2196281010.0,64107870.00000001,-2875170.0,61232700.00000001,1166320530.0,16120200.000000002,1107758490.0,87025020.0,0.0,3746731470.0,393958440.0,0.0,0.0,12559320.0,260196870.00000003,48661350.0,0.0,67067250.00000001,375925470.0,21858510.0,236028600.00000003,5981845320.0,10911210.0,3743387130.0,1389188310.0,1166344590.0,0.0,0.0,844674420.0,7143594450.0,78002520.0,594955680.0,7827463860.000001,0.0,0.0,13809309180.0,125713500.00000001,8840606400.0,8966319900.0,8982440100.0,749469000.0,0.0,227980530.0,977449530.0000001,50754570.0,210128010.0,0.0,551467230.0,1789799340.0,952366980.0000001,693589650.0,516832860.00000006,2162789490.0,395678730.0,216876840.0,261724680.00000003,0.0,3037069740.0,0.0,0.0,4826869080.0,13809309180.0,-3055620.0,1648110.0,99091110.0,9467610.0
LTIMindtree Limited,2023,20220401,20230331,Audited,Consolidated,4018461299.9999995,67440590.0,4085901889.9999995,0.0,0.0,0.0,2528555890.0,18213440.0,87518970.0,750262940.0,3384551240.0,701350650.0,0.0,701350650.0,174275010.0,-7011690.0,167263320.0,0.0,534087329.99999994,0.0,0.0,0.0,0.0,534087329.99999994,-79332610.0,454754720.0,533845129.99999994,242199.99999999997,454585180.0,169540.0,3584560.0,0.01211,2006578559.9999998,1.8052376999999997,1.8023313,0.0,0.0,1.8052376999999997,1.8023313,,,,4018461299.9999995,0.0,4018461299.9999995,739642470.0,18213440.0,20078380.0,701350650.0,,,0.0,,,Multi segment,18213440.0,96880.0,-137872350.0,-472289.99999999994,-125980329.99999999,108990.0,-3003280.0,3524010.0,145320.0,-2712640.0,0.0,19448660.0,0.0,87518970.0,0.0,30723069.999999996,823480.0,10075520.0,-24220.0,-7338660.0,0.0,21022960.0,13756960.0,-6733160.0,0.0,-21446810.0,0.0,0.0,0.0,-142171400.0,559179250.0,0.0,0.0,0.0,184277870.0,0.0,374901380.0,0.0,17995460.0,0.0,0.0,0.0,0.0,0.0,0.0,569170.0,113749230.0,0.0,0.0,0.0,0.0,0.0,0.0,0.0,0.0,0.0,0.0,0.0,0.0,0.0,0.0,0.0,0.0,0.0,15331259.999999998,0.0,75772270.0,0.0,-40071990.0,0.0,0.0,0.0,0.0,0.0,0.0,145320.0,0.0,8053149.999999999,0.0,0.0,41028680.0,189242970.0,4541250.0,0.0,-7314440.0,-233928870.0,100900520.0,7205450.0,108105970.0,283240790.0,859810.0,269277960.0,98405860.0,0.0,144012120.0,32248929.999999996,10862670.0,0.0,0.0,86768150.0,472289.99999999994,0.0,23299640.0,110540080.0,46126990.0,52702720.0,764177330.0,399630.0,574231980.0,874886950.0,283240790.0,71824410.0,0.0,22161300.0,1826345430.0,0.0,254455319.99999997,2081200379.9999998,0.0,0.0,2845377710.0,3584560.0,2005718749.9999998,2009303309.9999998,2010163119.9999998,0.0,0.0,165253060.0,165253060.0,4238500.0,1780170.0,0.0,0.0,171271730.0,15173829.999999998,156679180.0,226747640.0,398600650.0,146167700.0,98502740.0,20671770.0,0.0,663942860.0,0.0,0.0,835214590.0,2845377710.0,1889159.9999999998,472289.99999999994,-114524270.0,-33774790.0
LTIMindtree Limited,2024,20230401,20240331,Audited,Consolidated,4272695100.0000005,84438570.0,4357133670.0,0.0,0.0,0.0,2734695690.0,26670510.0,98513670.0,769595190.0,3629475060.0,727658610.0,0.0,727658610.0,175638000.0,493230.00000000006,176131230.0,0.0,551527380.0,0.0,0.0,0.0,0.0,551527380.0,59175570.00000001,610702950.0,551226630.0,300750.0,610450320.0,252630.00000000003,3560880.0,0.01203,2405615040.0,1.8628455000000002,1.8583944,0.0,0.0,1.8628455000000002,1.8583944,,,,4272695100.0000005,,4272695100.0000005,768404220.0,26670510.0,14075100.0,727658610.0,,,0.0,,,Multi segment,26670510.0,36090.0,60703380.00000001,0.0,-39662910.0,0.0,0.0,0.0,0.0,50802690.0,0.0,0.0,0.0,98513670.0,0.0,0.0,0.0,0.0,0.0,3163890.0,0.0,36258420.0,14965320.000000002,-37774200.0,0.0,-7025520.0,0.0,9202950.0,0.0,143337450.0,870996060.0,0.0,0.0,0.0,188955210.0,0.0,682040850.0,0.0,0.0,3448579950.0,3849239100.0000005,0.0,0.0,0.0,0.0,1227060.0,101436960.0,0.0,0.0,0.0,0.0,0.0,0.0,0.0,0.0,0.0,0.0,0.0,0.0,0.0,0.0,0.0,0.0,0.0,30953190.000000004,0.0,-709770.0,0.0,-470625630.00000006,0.0,0.0,144360.0,0.0,0.0,0.0,0.0,0.0,0.0,10417980.0,0.0,29810340.000000004,213568590.0,26333670.0,0.0,7049580.0,-272936640.0,-61521420.00000001,-757890.0,-62279310.00000001,218946000.0,1106760.0,199156650.0,56168070.0,228726390.0,143481810.0,27825390.0,10081140.0,0.0,0.0,239421060.00000003,793980.0,0.0,56721450.0,296936490.0,27067500.0,59163540.00000001,1048606980.0000001,360900.0,812434020.0,686431800.0,218946000.0,119818800.00000001,0.0,191228880.0,2028859500.0000002,3019530.0,234981990.0,2267221920.0,0.0,0.0,3315828900.0,3560880.0,2404508280.0,2408069160.0,2409175920.0,207782160.0,0.0,3825540.0000000005,211607700.0,1888710.0000000002,2249610.0,0.0,0.0,215746020.0,41311020.0,179716170.0,179090610.0,400117800.0,169935780.0,102086580.0,18766800.0,0.0,690906960.0,0.0,0.0,906652980.0,3315828900.0,3584940.0,902250.0,75211560.0,18718680.0
HCL Technologies Limited,2019,20180401,20190331,Audited,Standalone,3150053200.0,97485500.0,3247538700.0,0.0,17196200.0,2664200.0,978366899.9999999,1937599.9999999998,154523600.0,890206100.0,2044894599.9999998,1202644100.0,0.0,1202644100.0,285069400.0,-73628800.0,211440600.0,0.0,991203499.9999999,0.0,0.0,0.0,,991203499.9999999,2906400.0,994109899.9999999,0.0,0.0,0.0,0.0,32818099.999999996,0.02422,0.0,0.7228458999999999,0.7224825999999999,0.0,0.0,0.7228458999999999,0.7224825999999999,0.0,0.0,0.0,,0.0,,,0.0,0.0,,0.0,,,0.0,,,,,,,,,,,,,,,,,,,,,,,,,,,,,,,,,,,,,,,,,,,,,,,,,,,,,,,,,,,,,,,,,,,,,,,,,,,,,,,,,,,,,,,,,,,,,,,,,,,,,,,,,,,,,,,,,,,,,,,,,,,,,,,,,,,,,,,,,,,,,,,,,,,,,,,,,
HCL Technologies Limited,2020,20190401,20200331,Audited,Consolidated,9541260000.0,79515000.0,9620775000.0,0.0,207360000.0,0.0,4715280000.0,68175000.0,461700000.0,2280960000.0,7733475000.0,1887300000.0,0.0,1887300000.0,380835000.0,13770000.0,394605000.0,0.0,1492695000.0,0.0,0.0,0.0,0.0,1492695000.0,64665000.0,1557360000.0,1492695000.0,0.0,1555875000.0,1485000.0,73305000.0,0.027,0.0,0.550125,0.550125,0.0,0.0,0.550125,0.550125,0.0,0.0,0.0,9541260000.0,0.0,9541260000.0,1877985000.0,68175000.0,-77490000.0,1887300000.0,0.0,0.0,0.0,0.0,0.0,Multi segment,,,,,,,,,,,,,,,,,,,,,,,,,,,,,,,,,,,,,,,,,,,,,,,,,,,,,,,,,,,,,,,,,,,,,,,,,,,,,,,,,,,,,,,,,,,,,,,,,,,,,,,,,,,,,,,,,,,,,,,,,,,,,,,,,,,,,,,,,,,,,,,,,,,,,,,
HCL Technologies Limited,2021,20200401,20210331,Audited,Consolidated,10176165000.0,125145000.0,10301310000.0,0.0,229230000.0,-405000.0,5245155000.0,68985000.0,622485000.0,1995705000.0,8161155000.0,2140155000.0,0.0,2140155000.0,502065000.0,130275000.0,632340000.0,0.0,1507815000.0,0.0,0.0,0.0,0.0,1507815000.0,102330000.0,1610145000.0,1504575000.0,3240000.0,1607580000.0,2565000.0,73305000.0,0.027,0.0,0.554445,0.554445,0.0,0.0,0.554445,0.554445,0.0,0.0,0.0,10177515000.0,1350000.0,10176165000.0,2083995000.0,68985000.0,-125145000.0,2140155000.0,0.0,0.0,0.0,0.0,0.0,Multi segment,,,,,,,,,,,,,,,,,,,,,,,,,,,,,,,,,,,,,,,,,,,,,,,,,,,,,,,,,,,,,,,,,,,,,,,,,,,,,,,,,,,,,,,,,,,,,,,,,,,,,,,,,,,,,,,,,,,,,,,,,,,,,,,,,,,,,,,,,,,,,,,,,,,,,,,
HCL Technologies Limited,2022,20210401,20220331,Audited,Consolidated,10877677000.0,135509000.0,11013186000.0,0.0,187071000.0,-8509000.0,5858510000.0,40513000.0,549402000.0,2233295000.0,8860282000.0,2152904000.0,-127000.0,2152777000.0,437134000.0,-1778000.0,435356000.0,0.0,1717421000.0,0.0,0.0,0.0,0.0,1717421000.0,96139000.0,1813560000.0,1714373000.0,3048000.0,1809877000.0,3683000.0,68961000.0,0.0254,0.0,0.6320790000000001,0.6320790000000001,0.0,0.0,0.6320790000000001,0.6320790000000001,0.0,0.0,0.0,10880852000.0,3175000.0,10877677000.0,2057908000.0,40513000.0,-135509000.0,2152904000.0,0.0,0.0,0.0,0.0,0.0,Multi segment,28575000.0,26289000.0,-356743000.0,0.0,0.0,0.0,0.0,27813000.0,0.0,91186000.0,0.0,0.0,0.0,549402000.0,0.0,0.0,0.0,141732000.0,0.0,0.0,0.0,74041000.0,10287000.0,0.0,0.0,-16383000.0,0.0,2540000.0,127000.0,430784000.0,2583561000.0,0.0,0.0,0.0,437261000.0,0.0,2146300000.0,0.0,0.0,4218305000.0,4137025000.0,0.0,0.0,0.0,1397000.0,11430000.0,208915000.0,0.0,0.0,0.0,0.0,0.0,0.0,0.0,0.0,0.0,0.0,0.0,0.0,0.0,0.0,0.0,0.0,0.0,74930000.0,12827000.0,243078000.0,0.0,187579000.0,0.0,94742000.0,0.0,0.0,102108000.0,0.0,0.0,0.0,9779000.0,17399000.0,135509000.0,0.0,1446403000.0,8763000.0,0.0,-47371000.0,-1842516000.0,491363000.0,15240000.0,506603000.0,1334770000.0,,,,,,,,,,,,,,,,,,,,,,,,,,,,,,,,,,,,,,,,,,,,,,,,,,,,,,,,,,,,,
HCL Technologies Limited,2023,20220401,20230331,Audited,Consolidated,12286321600.0,164453800.0,12450775400.0,0.0,250919199.99999997,-8113699.999999999,6694408000.0,42748300.0,501959499.99999994,2608857300.0,10090778600.0,2359996800.0,0.0,2359996800.0,564931500.0,-2664200.0,562267300.0,0.0,1797729500.0,0.0,0.0,0.0,0.0,1797729500.0,157551100.0,1955280599.9999998,1798456100.0,-726600.0,-242199.99999999997,-726600.0,65757299.99999999,0.02422,0.0,0.6642334999999999,0.6635068999999999,0.0,0.0,0.6642334999999999,0.6635068999999999,0.0,0.0,0.0,12343238600.0,56917000.0,12286321600.0,2238291300.0,42748300.0,-164453800.0,2359996800.0,,,0.0,,,Multi segment,28821800.0,-4480700.0,-392364000.0,0.0,0.0,0.0,0.0,111048700.0,0.0,-21192500.0,0.0,0.0,0.0,501959499.99999994,0.0,0.0,0.0,148953000.0,0.0,0.0,0.0,93125900.0,37298800.0,0.0,0.0,-53041800.0,0.0,4844000.0,0.0,268720900.0,2628717700.0,0.0,0.0,0.0,447827800.0,0.0,2180889900.0,1089900.0,85496600.0,4314308600.0,4192481999.9999995,0.0,0.0,121099.99999999999,363300.0,26278700.0,201147100.0,0.0,0.0,0.0,0.0,0.0,0.0,0.0,0.0,0.0,0.0,0.0,0.0,0.0,0.0,0.0,0.0,0.0,77019600.0,21071400.0,-394301600.0,0.0,-476044099.99999994,0.0,0.0,0.0,0.0,0.0,0.0,0.0,0.0,15016399.999999998,238809199.99999997,112259700.0,0.0,1573694500.0,9688000.0,0.0,-3754099.9999999995,-1923189099.9999998,-218343300.0,43353800.0,-174989500.0,1097771500.0,-847700.0,650428100.0,4844000.0,0.0,2248463700.0,1293469100.0,0.0,0.0,0.0,13321000.0,82469100.0,0.0,154886900.0,250676999.99999997,151617200.0,224398300.0,4823897400.0,27610800.0,652123500.0,3088776600.0,1097771500.0,685304900.0,315223300.0,135632000.0,5974831800.0,23614500.0,462117600.0,6488174700.0,0.0,0.0,11312072100.0,65757299.99999999,7854788199.999999,7920545499.999999,7919697799.999999,255642099.99999997,0.0,262786999.99999997,518429099.99999994,159246500.0,19497100.0,0.0,99907500.0,797080200.0,16954000.0,778430800.0,736409100.0,1531793900.0,667503200.0,135632000.0,260364999.99999997,0.0,2595294100.0,0.0,0.0,3392374300.0,11312072100.0,26036500.0,7629299.999999999,129213699.99999999,-9930200.0
HCL Technologies Limited,2024,20230401,20240331,Audited,Consolidated,13222533900.0,179848500.0,13402382400.0,0.0,211006200.0,5172900.0,7516344000.0,66525900.00000001,502011900.00000006,2578991400.0,10880052300.0,2522330100.0,0.0,2522330100.0,556507800.0,75909300.0,632417100.0,0.0,1889913000.0000002,0.0,0.0,0.0,0.0,1889913000.0000002,102856500.0,1992769500.0000002,0.0,0.0,0.0,0.0,0.0,0.0,0.0,0.6976197000000001,0.6960558,0.0,0.0,0.6976197000000001,0.6960558,0.0,0.0,0.0,13222533900.0,0.0,13222533900.0,2409248100.0,,-113082000.0,2522330100.0,,,0.0,,,Multi segment,32360700.000000004,7218000.0,29834400.000000004,0.0,19729200.0,0.0,0.0,0.0,0.0,-81924300.0,0.0,302434200.0,0.0,502011900.00000006,0.0,0.0,0.0,0.0,0.0,0.0,0.0,153141900.0,0.0,37533600.0,0.0,-20330700.0,0.0,9142800.0,0.0,684867900.0,3207198000.0,0.0,0.0,0.0,506703600.00000006,0.0,2700494400.0,0.0,245772900.00000003,4853142600.0,5014344600.0,0.0,0.0,0.0,0.0,3849600.0000000005,126074400.00000001,0.0,0.0,0.0,0.0,0.0,0.0,0.0,0.0,0.0,0.0,0.0,0.0,0.0,0.0,0.0,0.0,0.0,125232300.00000001,33924600.0,-370884900.0,0.0,-808776900.0,842100.0,0.0,0.0,0.0,0.0,0.0,0.0,0.0,43067400.0,64841700.00000001,138104400.0,0.0,1692981900.0,7699200.000000001,0.0,-601500.0,-1860319200.0,31398300.000000004,13834500.0,45232800.0,1135752300.0,962400.0000000001,588387300.0,12992400.0,0.0,2421879600.0,1207812000.0,0.0,0.0,0.0,11308200.0,75067200.0,34405800.0,161923800.0,282705000.0,124029300.00000001,227848200.0,4865653800.0,22255500.0,847272900.0,3070176300.0,1137556800.0,1286488200.0,95638500.0,148570500.0,6585703200.0,19368300.0,510192300.00000006,7137519300.0,0.0,0.0,12003173100.0,65322900.00000001,8146716000.000001,8212038900.000001,8213001300.000001,267426900.00000003,0.0,495275100.00000006,762702000.0,193923600.0,92751300.0,0.0,6857100.0,1056234000.0000001,12511200.0,704115900.0,684627300.0,1401254400.0,893588400.0,160841100.0,278253900.0,0.0,2733937800.0,0.0,0.0,3790171800.0000005,12003173100.0,3849600.0000000005,962400.0000000001,113442900.0,13473600.0
Infosys Limited,2019,20180401,20190331,Audited,Consolidated,10011942500.0,349010200.0,10360952700.0,0.0,0.0,0.0,5487646500.0,0.0,243532099.99999997,2081708999.9999998,7812887599.999999,2548065100.0,0.0,2548065100.0,693539700.0,-11625600.0,681914100.0,0.0,1866151000.0,0.0,0.0,0.0,0.0,1866151000.0,16227399.999999998,1882378400.0,1865424400.0,726600.0,1881651800.0,726600.0,262786999.99999997,0.06054999999999999,7602415799.999999,0.42917839999999996,0.4284518,0.0,0.0,0.42917839999999996,0.4284518,0.0,0.0,0.0,10011942500.0,0.0,10011942500.0,2531837700.0,0.0,-16227399.999999998,2548065100.0,0.0,0.0,0.0,0.0,0.0,,,,,,,,,,,,,,,,,,,,,,,,,,,,,,,,,,,,,,,,,,,,,,,,,,,,,,,,,,,,,,,,,,,,,,,,,,,,,,,,,,,,,,,,,,,,,,,,,,,,,,,,,,,,,,,,,,,,,,,,,,,,,,,,,,,,,,,,,,,,,,,,,,,,,,,,
Infosys Limited,2020,20190401,20200331,Audited,Consolidated,12256785000.0,378405000.0,12635190000.0,0.0,0.0,0.0,6869745000.0,22950000.0,390555000.0,2380995000.0,9664245000.0,2970945000.0,0.0,2970945000.0,779625000.0,-54945000.0,724680000.0,0.0,2246265000.0,0.0,0.0,0.0,0.0,2246265000.0,20385000.0,2266650000.0,2240190000.0,6075000.0,2258820000.0,7830000.0,286470000.0,0.0675,8549280000.0,0.526095,0.525285,0.0,0.0,0.526095,0.525285,,,,12256785000.0,0.0,12256785000.0,3012660000.0,22950000.0,18765000.0,2970945000.0,,,0.0,,,Multi segment,,,,,,,,,,,,,,,,,,,,,,,,,,,,,,,,,,,,,,,,,,,,,,,,,,,,,,,,,,,,,,,,,,,,,,,,,,,,,,,,,,,,,,,,,,,,,,,,,,,,,,,,,,,,,,,,,,,,,,,,,,,,,,,,,,,,,,,,,,,,,,,,,,,,,,,
Infosys Limited,2021,20200401,20210331,Audited,Consolidated,13563720000.0,297135000.0,13860855000.0,0.0,0.0,0.0,7498035000.0,26325000.0,441045000.0,2300670000.0,10266075000.0,3594780000.0,0.0,3594780000.0,900720000.0,71955000.0,972675000.0,0.0,2622105000.0,0.0,0.0,0.0,0.0,2622105000.0,41310000.0,2663415000.0,2612385000.0,9720000.0,2652885000.0,10530000.0,286740000.0,0.0675,10020645000.0,0.615735,0.6145200000000001,0.0,0.0,0.615735,0.6145200000000001,0.0,0.0,0.0,0.0,0.0,0.0,0.0,0.0,0.0,0.0,,,0.0,,,Multi segment,,,,,,,,,,,,,,,,,,,,,,,,,,,,,,,,,,,,,,,,,,,,,,,,,,,,,,,,,,,,,,,,,,,,,,,,,,,,,,,,,,,,,,,,,,,,,,,,,,,,,,,,,,,,,,,,,,,,,,,,,,,,,,,,,,,,,,,,,,,,,,,,,,,,,,,
Infosys Limited,2022,20210401,20220331,Audited,Consolidated,15448407000.0,291465000.0,15739872000.0,0.0,0.0,0.0,8126222000.0,25400000.0,441452000.0,3322828000.0,11915902000.0,3823970000.0,0.0,3823970000.0,991997000.0,19431000.0,1011428000.0,0.0,2812542000.0,0.0,0.0,0.0,0.0,2812542000.0,23114000.0,2835656000.0,2807970000.0,4572000.0,2831211000.0,4445000.0,266446000.0,0.0635,9303004000.0,0.667004,0.665607,0.0,0.0,0.667004,0.665607,,,,15448407000.0,0.0,15448407000.0,3999357000.0,25400000.0,149987000.0,3823970000.0,0.0,0.0,0.0,0.0,0.0,Multi segment,25400000.0,0.0,-1007999000.0,0.0,0.0,0.0,0.0,-243078000.0,0.0,189103000.0,0.0,0.0,0.0,441452000.0,21590000.0,0.0,0.0,881126000.0,0.0,15113000.0,0.0,208915000.0,52705000.0,0.0,0.0,0.0,9652000.0,0.0,0.0,176149000.0,4000119000.0,0.0,0.0,0.0,966724000.0,0.0,3033395000.0,0.0,6731000.0,279527000.0,204343000.0,0.0,0.0,0.0,0.0,0.0,274447000.0,0.0,0.0,0.0,0.0,0.0,0.0,0.0,0.0,0.0,0.0,0.0,0.0,0.0,0.0,0.0,0.0,0.0,241046000.0,0.0,-849884000.0,0.0,-814832000.0,0.0,254000.0,0.0,0.0,1412875000.0,0.0,2667000.0,0.0,0.0,0.0,0.0,116205000.0,1616837000.0,0.0,0.0,13970000.0,-3129534000.0,-910971000.0,-8763000.0,-919734000.0,2218944000.0,,,,,,,,,,,,,,,,,,,,,,,,,,,,,,,,,,,,,,,,,,,,,,,,,,,,,,,,,,,,,
Infosys Limited,2023,20220401,20230331,Audited,Consolidated,17773483700.0,327091100.0,18100574800.0,0.0,0.0,0.0,9489274900.0,34392400.0,511647499.99999994,4029965799.9999995,14065280600.0,4035294199.9999995,0.0,4035294199.9999995,1124655700.0,-8840300.0,1115815400.0,0.0,2919478800.0,0.0,0.0,0.0,0.0,2919478800.0,62245399.99999999,2981724200.0,2917904500.0,1574300.0,2978817800.0,2906400.0,250555899.99999997,0.06054999999999999,8881231800.0,0.6978993,0.6968093999999999,0.0,0.0,0.6978993,0.6968093999999999,,,,17773483700.0,0.0,17773483700.0,4254242999.9999995,34392400.0,184556400.0,4035294199.9999995,0.0,0.0,0.0,0.0,0.0,Multi segment,34392400.0,0.0,-856903600.0,0.0,0.0,0.0,0.0,-376378800.0,0.0,-33786900.0,0.0,0.0,0.0,511647499.99999994,34271300.0,0.0,0.0,498810899.99999994,0.0,19497100.0,0.0,220038700.0,62850899.99999999,0.0,0.0,0.0,76050800.0,0.0,0.0,-249587099.99999997,3785707099.9999995,0.0,0.0,0.0,1064953399.9999999,0.0,2720753700.0,0.0,117467000.0,38752000.0,0.0,0.0,0.0,0.0,0.0,0.0,312316900.0,0.0,0.0,0.0,0.0,0.0,0.0,0.0,0.0,0.0,0.0,0.0,0.0,0.0,0.0,0.0,0.0,0.0,184677500.0,0.0,59944499.99999999,0.0,-146409900.0,0.0,0.0,0.0,0.0,1392528900.0,0.0,4238500.0,0.0,0.0,0.0,0.0,149074100.0,1653378300.0,0.0,0.0,-42021700.0,-3232764500.0,-658420700.0,16711799.999999998,-641708900.0,1474150300.0,46986800.0,2449610800.0,34876800.0,0.0,877732800.0,211803900.0,0.0,0.0,0.0,1522105900.0,0.0,4722900.0,338837800.0,1865666600.0,150769500.0,1062168099.9999999,6652628500.0,0.0,836679900.0,3078846400.0,1474150300.0,0.0,34997900.0,1405244400.0,6829918900.0,726600.0,1753043600.0,8583689099.999999,0.0,0.0,15236317599.999998,250555899.99999997,8881231800.0,9131787700.0,9178774500.0,0.0,0.0,1103826500.0,1103826500.0,0.0,147742000.0,0.0,60549999.99999999,1312118500.0,0.0,468051500.0,2397780000.0,2865831500.0,1311513000.0,158277700.0,409802400.0,0.0,4745424600.0,0.0,0.0,6057543100.0,15236317599.999998,121099.99999999999,0.0,62124299.99999999,0.0
Infosys Limited,2024,20230401,20240331,Audited,Consolidated,18486501000.0,566733300.0,19053234300.0,0.0,0.0,0.0,9939186000.0,56541000.0,562763400.0,4165387500.0000005,14723877900.0,4329356400.0,0.0,4329356400.0,1009317000.0000001,162405000.0,1171722000.0,0.0,3157634400.0,0.0,0.0,0.0,0.0,3157634400.0,62556000.00000001,3220190400.0,3155829900.0,1804500.0,3218506200.0,1684200.0,249141300.00000003,0.06015,0.0,0.7625817,0.7613787000000001,0.0,0.0,0.7625817,0.7613787000000001,,,,18486501000.0,,18486501000.0,4381927500.0,56541000.0,-3969900.0000000005,4329356400.0,,,0.0,,,Multi segment,56541000.0,0.0,-320840100.0,0.0,0.0,0.0,0.0,-140991600.0,0.0,10947300.0,0.0,0.0,0.0,562763400.0,14556300.0,0.0,0.0,-160480200.0,0.0,9142800.0,0.0,481320300.00000006,78435600.0,0.0,0.0,0.0,185141700.0,0.0,0.0,-186104100.0,4143252300.0000005,0.0,0.0,0.0,1110489300.0,0.0,3032763000.0,0.0,12150300.0,-35608800.0,0.0,0.0,0.0,0.0,0.0,0.0,264780300.00000003,0.0,0.0,0.0,0.0,0.0,0.0,0.0,0.0,0.0,0.0,0.0,0.0,0.0,0.0,0.0,0.0,0.0,212690400.0,0.0,-502733700.00000006,0.0,-602582700.0,0.0,0.0,0.0,0.0,0.0,0.0,601500.0,0.0,0.0,0.0,0.0,243487200.00000003,1772139300.0,0.0,0.0,-90706200.0,-2105731200.0000002,324449100.0,-10105200.0,314343900.0,1778755800.0,41503500.0,2276316600.0,35247900.0,0.0,878550900.0,168059100.0,0.0,0.0,0.0,0.0,1408472400.0,4090200.0000000005,373531500.0,1786094100.0,54616200.0,621469800.0,5820354600.0,0.0,1553674500.0,3632217900.0,1778755800.0,0.0,29834400.000000004,1453825500.0,8448308100.000001,769559100.0,1540802400.0,10758669600.0,0.0,0.0,16579024200.000002,249141300.00000003,10351213500.0,10600354800.0,10641858300.0,0.0,0.0,1026159000.0000001,1026159000.0000001,0.0,215818200.0,0.0,28270500.0,1270247700.0,0.0,475906800.00000006,2275835400.0,2751742200.0,1267841700.0,216058800.0,431275500.0,0.0,4666918200.0,0.0,0.0,5937165900.0,16579024200.000002,16721700.000000002,0.0,45834300.0,0.0
